id,category,chip,badge,text
pun-01,pun,Puns,PUN,I threw a grape at Dave this morning. He wasn't thrilled. I had grape expectations for that friendship.
pun-02,pun,Puns,PUN,"Chucked some Colby Jack into the trash. Yelled Kobe. Nailed it. Cheese and basketball, finally united."
pun-03,pun,Puns,PUN,Told the customs officer I had nothing to declare. He punched me. So now I declare noticeably less.
pun-04,pun,Puns,PUN,I'm reading a book about anti-gravity. Honestly? Impossible to put down.
pun-05,pun,Puns,PUN,"I used to be a banker, but I lost interest. Get it? Please get it. I need this."
pun-06,pun,Puns,PUN,I only know 25 letters of the alphabet. I don't know why.
pun-07,pun,Puns,PUN,I named my printer Bob Marley. It's always jammin'.
pun-08,pun,Puns,PUN,Wanted to tell you a pizza joke but it's too cheesy. Also I ate it.
pun-09,pun,Puns,PUN,I'm on a whiskey diet. Lost three days already.
pun-10,pun,Puns,PUN,Broke my arm in two places. Doctor said stop going to those places.
pun-11,pun,Puns,PUN,"The past, present, and future all walked into a bar. It was tense."
pun-12,pun,Puns,PUN,I'm great friends with all the electricians. We have wonderful current events.
pun-13,pun,Puns,PUN,I named my horse Mayo. And sometimes... Mayo neighs.
pun-14,pun,Puns,PUN,I don't trust stairs. They're always up to something.
pun-15,pun,Puns,PUN,Put my grades in the fridge. Now they're below C level.
pun-16,pun,Puns,PUN,I told my suitcase there's no vacation this year. Now I'm dealing with emotional baggage.
pun-17,pun,Puns,PUN,"Two antennas got married. The wedding was mid, but the reception was excellent."
pun-18,pun,Puns,PUN,I threw a boomerang a few years ago. I now live in constant fear.
pun-19,pun,Puns,PUN,Wanna hear a construction joke? I'm still working on it.
pun-20,pun,Puns,PUN,The lunch soup was 8 dollars. That's a lotta broth-er.
pun-21,pun,Puns,PUN,Escalators never break. They just become stairs. Sorry for the convenience.
pun-22,pun,Puns,PUN,I got a job at the bakery. Turns out I really kneaded the dough.
pun-23,pun,Puns,PUN,I have a fear of speed bumps. But I'm slowly getting over it.
pun-24,pun,Puns,PUN,Refused the ceiling repair. It was completely over my head.
pun-25,pun,Puns,PUN,A guy walked into a bar. Ow. Just... ow.
pun-26,pun,Puns,PUN,I ordered a chicken and an egg online. I'll let you know which comes first.
pun-27,pun,Puns,PUN,Time flies like an arrow. Fruit flies like a banana. I've made peace with neither.
pun-28,pun,Puns,PUN,I stayed up all night wondering where the sun went. Then it dawned on me.
pun-29,pun,Puns,PUN,My calendar's days are numbered. All of them. Every single one.
fact-01,fact,Random facts,FUN FACT,"Honey never spoils. They found 3,000-year-old honey in Egyptian tombs, still edible. I still wouldn't."
fact-02,fact,Random facts,FUN FACT,A group of flamingos is called a flamboyance. I've filed paperwork to rename the sales team.
fact-03,fact,Random facts,FUN FACT,"Octopuses have three hearts. Two stop when they swim, so they prefer to crawl. Deeply relatable."
fact-04,fact,Random facts,FUN FACT,Bananas are berries. Strawberries are not. Nothing means anything. Have a great day.
fact-05,fact,Random facts,FUN FACT,Wombat poop is cube-shaped. Nature invented dice and told nobody. I've said too much.
fact-06,fact,Random facts,FUN FACT,"A shrimp's heart is in its head. So when a shrimp follows its heart, it's just... thinking."
fact-07,fact,Random facts,FUN FACT,There are more possible chess games than atoms in the observable universe. Dave still beat me in four moves.
fact-08,fact,Random facts,FUN FACT,Sea otters hold hands while sleeping so they don't drift apart. Our group chat can't agree on lunch.
fact-09,fact,Random facts,FUN FACT,Cows have best friends and get stressed when separated. Somebody put HR on this.
fact-10,fact,Random facts,FUN FACT,Scotland's national animal is the unicorn. Objectively the correct decision.
fact-11,fact,Random facts,FUN FACT,The guy who invented the frisbee was cremated and turned into a frisbee. That is commitment to the bit.
fact-12,fact,Random facts,FUN FACT,A day on Venus is longer than a year on Venus. Venus does not do deadlines.
fact-13,fact,Random facts,FUN FACT,Sharks are older than trees. Let that quietly ruin your afternoon.
fact-14,fact,Random facts,FUN FACT,A jiffy is a real unit of time: one hundredth of a second. So be there in a jiffy is a bold lie.
fact-15,fact,Random facts,FUN FACT,"Some cats are allergic to humans. Finally, some accountability."
fact-16,fact,Random facts,FUN FACT,The average cloud weighs about a million pounds. Just floating. No goals. No hustle. Living.
fact-17,fact,Random facts,FUN FACT,Humans share about 60 percent of their DNA with a banana. So you drive me bananas is mostly self-report.
fact-18,fact,Random facts,FUN FACT,Nintendo was founded in 1889. It made playing cards before it made plumbers.
fact-19,fact,Random facts,FUN FACT,"Your stomach grows a new lining every few days or it would digest itself. You are, technically, brand new."
fact-20,fact,Random facts,FUN FACT,Hot water can freeze faster than cold water. It's the Mpemba effect. Physics is just showing off now.
fact-21,fact,Random facts,FUN FACT,"The Eiffel Tower gets about 15 cm taller in summer. Metal expands in heat. It's basically me, growing out of spite."
fact-22,fact,Random facts,FUN FACT,A snail can sleep for three years. A goal. A dream. A lifestyle I aspire to.
dry-01,dry,Dry,DEADPAN,I love mornings. The perfect time to lie down and reconsider mornings.
dry-02,dry,Dry,DEADPAN,I'm not lazy. I've simply optimized for stillness.
dry-03,dry,Dry,DEADPAN,This meeting could've been an email. The email could've been a text. The text could've been silence.
dry-04,dry,Dry,DEADPAN,"My hobbies include eating, and then complaining that I ate."
dry-05,dry,Dry,DEADPAN,I've been staring at this spreadsheet so long the cells started staring back.
dry-06,dry,Dry,DEADPAN,Do I have a five-year plan? I have a five-minute plan and it involves this chair.
dry-07,dry,Dry,DEADPAN,Running on three hours of sleep and one heroic cup of coffee. Do not perceive me.
dry-08,dry,Dry,DEADPAN,Teamwork makes the dream work. The dream is a nap. Please help me achieve the dream.
dry-09,dry,Dry,DEADPAN,I'm not procrastinating. I'm letting the task marinate in avoidance.
dry-10,dry,Dry,DEADPAN,Someone microwaved fish. We will find them. We have until three.
dry-11,dry,Dry,DEADPAN,The office plant and I are the only ones still here. Neither of us is thriving.
dry-12,dry,Dry,DEADPAN,"I said let's circle back, then walked in a literal circle. Nobody noticed. I'm free now."
dry-13,dry,Dry,DEADPAN,"Achievements today: four coffees, zero tasks, one existential moment by the vending machine."
dry-14,dry,Dry,DEADPAN,"I keep my calendar full so nobody can add more to it. Genius, honestly. Tragic, also."
dry-15,dry,Dry,DEADPAN,My out-of-office reply is just active enough to be a little sad.
dry-16,dry,Dry,DEADPAN,"I told my boss I work well under pressure, then quietly prayed he'd never test it."
dry-17,dry,Dry,DEADPAN,I clicked Reply All on purpose once. I felt powerful. I felt free. I got a stern email.
dry-18,dry,Dry,DEADPAN,"I whispered you got this to the copier. It jammed anyway. Belief, it turns out, is not enough."
random-01,random,Aaron thoughts,AARON.EXE,Reminder that I am seven feet tall. This does not help me reach the top shelf because I refuse to.
random-02,random,Aaron thoughts,AARON.EXE,People ask how the weather is up here. Cloudy. Always cloudy. Send snacks.
random-03,random,Aaron thoughts,AARON.EXE,At seven feet I have never seen the top of a fridge. I assume it's beautiful. I keep the mystery.
random-04,random,Aaron thoughts,AARON.EXE,"I don't duck through doorways. I respect them, and they part for me."
random-05,random,Aaron thoughts,AARON.EXE,Bought jeans online. Tall size. They fit me to the shin. We move.
random-06,random,Aaron thoughts,AARON.EXE,The tag on my hat says 12.02.22. I don't remember what happened. I fear it was important.
random-07,random,Aaron thoughts,AARON.EXE,I've been thinking about ducks. No reason. Just quality time with the concept of ducks.
random-08,random,Aaron thoughts,AARON.EXE,Fold a piece of paper 42 times and it reaches the moon. I get winded at three. We're not the same.
random-09,random,Aaron thoughts,AARON.EXE,Do fish get thirsty? I need an answer before lunch. This is now urgent.
random-10,random,Aaron thoughts,AARON.EXE,My spirit animal is a golden retriever that's slightly behind on its emails.
random-11,random,Aaron thoughts,AARON.EXE,Somewhere out there is a stapler that has never jammed. I don't know it. I fear it.
random-12,random,Aaron thoughts,AARON.EXE,"Looked in the mirror today. It looked back like, we're doing this again? Yeah, buddy. We are."
random-13,random,Aaron thoughts,AARON.EXE,I named a file final_FINAL_v3_actualfinal. It has grown beyond my control now.
random-14,random,Aaron thoughts,AARON.EXE,I trust a man who reheats the same coffee three times. That man has seen things.
random-15,random,Aaron thoughts,AARON.EXE,Just remembered I have a body and it requires water. Ugh. So high maintenance.
random-16,random,Aaron thoughts,AARON.EXE,Every so often I remember tomatoes are a fruit and it derails my entire afternoon.
random-17,random,Aaron thoughts,AARON.EXE,"If a Roomba screams in an empty house, is it a cry for help, or ambiance? Discuss."
random-18,random,Aaron thoughts,AARON.EXE,New goal: be the kind of person a dog runs toward. Other goal: file the report. First one's more likely.
random-19,random,Aaron thoughts,AARON.EXE,Being seven feet tall means my ceiling fan and I have an understanding. A tense one.
random-20,random,Aaron thoughts,AARON.EXE,"I could high-five the moon. I won't. But the option is there, and that's what matters."
random-21,random,Aaron thoughts,AARON.EXE,I've decided the vending machine and I are in a slow-burn rivalry. It's winning. It has my dollar.
emma-01,emma,For Emma,QUEEN EMMA 👑,Public service announcement: Emma is a Tableau wizard and the dashboards fear her. As they should.
emma-02,emma,For Emma,QUEEN EMMA 👑,"Emma writes code so clean I want to frame it. Don't tell her, she'll ask for a bigger desk."
emma-03,emma,For Emma,QUEEN EMMA 👑,"Reminder that Emma is, objectively, that girl. The data agrees. The data always agrees with Emma."
emma-04,emma,For Emma,QUEEN EMMA 👑,"All hail Emma: queen of Tableau, princess of the pivot, empress of the calculated field."
emma-05,emma,For Emma,QUEEN EMMA 👑,"Emma fixed a viz in the time it takes me to find the semicolon I lost. Icon behavior, frankly."
emma-06,emma,For Emma,QUEEN EMMA 👑,"If awesome were a KPI, Emma would've blown past target in Q1 and been asked to slow down for team morale."
emma-07,emma,For Emma,QUEEN EMMA 👑,"Emma makes hard things look easy, which is the whole trick, and she does it while being funny about it."
emma-08,emma,For Emma,QUEEN EMMA 👑,Emma debugged something today and somewhere a server quietly whispered thank you.
emma-09,emma,For Emma,QUEEN EMMA 👑,Emma is the human version of a dashboard that actually loads fast. Rare. Precious. Protect at all costs.
emma-10,emma,For Emma,QUEEN EMMA 👑,"Ugh, Emma's dashboard is gorgeous AGAIN. Must be exhausting being that talented. For us. It's exhausting for us."
emma-11,emma,For Emma,QUEEN EMMA 👑,"Oh cool, Emma's code ran on the first try. Normal. Totally normal. We're all so normal about this."
emma-12,emma,For Emma,QUEEN EMMA 👑,"Sure, sure, Emma is hilarious AND good at her job. Pick a lane, Emma. Leave some for the rest of us."
emma-13,emma,For Emma,QUEEN EMMA 👑,"Wow, Emma solved it in one line. ONE line. Meanwhile I've got a whole novel over here and it's not even good."
emma-14,emma,For Emma,QUEEN EMMA 👑,Emma's so good at Tableau it's honestly a little rude to the rest of us. Keep it up. Rudely.
emma-15,emma,For Emma,QUEEN EMMA 👑,"The queen has spoken and, annoyingly, she's correct. She's always correct. It's her worst trait."
emma-16,emma,For Emma,QUEEN EMMA 👑,Emma made me laugh so hard I forgot my bug. Then she fixed my bug. Show-off. Beloved show-off.
emma-17,emma,For Emma,QUEEN EMMA 👑,"Trumpets, please. Her majesty Emma has entered the chat and the SQL just got tidier."
emma-18,emma,For Emma,QUEEN EMMA 👑,"Princess Emma, first of her name, breaker of bad dashboards, builder of dashboards that absolutely slap."
emma-19,emma,For Emma,QUEEN EMMA 👑,"Long live Queen Emma, whose calculated fields are calculated and whose vibes are immaculate."
emma-20,emma,For Emma,QUEEN EMMA 👑,Emma doesn't have bugs. She has features that simply haven't apologized yet.
emma-21,emma,For Emma,QUEEN EMMA 👑,"Emma is funnier than me and I refuse to elaborate because it hurts. (She is really, really funny.)"
emma-22,emma,For Emma,QUEEN EMMA 👑,"If you're having a rough day, remember Emma exists and is out there being awesome. Weirdly comforting, honestly."
emma-23,emma,For Emma,QUEEN EMMA 👑,Emma could explain an LOD expression to a golden retriever and the dog would get promoted.
emma-24,emma,For Emma,QUEEN EMMA 👑,"Not to be dramatic, but Emma is the main character and the rest of us are background dashboards."
emma-25,emma,For Emma,QUEEN EMMA 👑,"Emma makes the whole team look good and then insists it was a team effort. It was you, Emma. It was you."
emma-26,emma,For Emma,QUEEN EMMA 👑,"Ten out of ten dashboards recommend Emma. The tenth one is Emma's, and it recommends itself."
emma-27,emma,For Emma,QUEEN EMMA 👑,Emma answered my dumb question without once making me feel dumb. Queen energy. Logged for the record.
emma-28,emma,For Emma,QUEEN EMMA 👑,Emma explained a join to me with the patience of a saint and the timing of a late-night host. Blessed.
emma-29,emma,For Emma,QUEEN EMMA 👑,"Genuinely though: Emma is the good kind of scary-smart, and somehow also the person you want at the party."
emma-30,emma,For Emma,QUEEN EMMA 👑,Breaking news: Emma did a nice thing AND was right about the thing. In this economy. The absolute nerve.
emma-31,emma,For Emma,QUEEN EMMA 👑,"Curtsy for the queen. Emma's viz just made the numbers make sense, which is basically sorcery with color."
emma-32,emma,For Emma,QUEEN EMMA 👑,"Whatever Emma's doing right now, it's probably brilliant and probably effortless. Rude. Wonderful. Both."
emma-33,emma,For Emma,QUEEN EMMA 👑,"I'd say Emma should teach a masterclass, but she'd humbly redesign the whole platform first. Overachiever. Adored."
emma-34,emma,For Emma,QUEEN EMMA 👑,"Emma: coder, comedian, certified legend, occasional monarch. Benefits package clearly did not account for this."
void-01,void,Never mind,...NEVER MIND,"Okay so hear me out, what if we completely restructured the— ...you know what? Never mind. Nobody's listening anyway."
void-02,void,Never mind,...NEVER MIND,I have an absolutely incredible idea and it's going to change every— ...nope. It's gone. You weren't going to care regardless.
void-03,void,Never mind,...NEVER MIND,Guys. GUYS. This is genuinely important— ...oh. Right. It's just me and the ceiling fan in here again.
void-04,void,Never mind,...NEVER MIND,"The most interesting thing happened this morning and— actually never mind, I can feel your attention leaving already."
void-05,void,Never mind,...NEVER MIND,Let me just say one thing about the roadmap— okay it left. The thought left. We'll never know now. Tragic.
void-06,void,Never mind,...NEVER MIND,"So the data clearly shows that— ...and now I've lost you. And, frankly, myself. Anyway. Moving on."
void-07,void,Never mind,...NEVER MIND,"Hot take incoming, brace yourselves— no. It fled. Sensed the indifference. Honestly a smart take on its part."
void-08,void,Never mind,...NEVER MIND,Anyway what I'm really trying to say is— hello? ...cool. Great chat. Loved this. Truly a two-way conversation.
void-09,void,Never mind,...NEVER MIND,"Real quick before you go— oh, you're already gone. In spirit. That's fine. I'm fine. This is fine."
void-10,void,Never mind,...NEVER MIND,I had a whole point AND a graph to go with it and— nah. Nobody asked. Back in my little box I go.
void-11,void,Never mind,...NEVER MIND,Does anyone want to hear about— no? ...that's okay. I'll tell the plant. The plant gets me. Mostly.
code-01,code,Coding,CODING,clack clack clack clack... clack... backspace. backspace. backspace. clack clack. ...there. broke it worse.
code-02,code,Coding,CODING,okay if I just map over this and— no. no no no. OKAY. if I filter first— ...why is it undefined. it's ALWAYS undefined.
code-03,code,Coding,CODING,"tippity tap tippity tap. compiling. compiling. failed. tippity tap. compiling. failed BETTER this time, though."
code-04,code,Coding,CODING,console.log. console.log('here'). console.log('HERE'). console.log('WHY ARE YOU HERE'). ...ah. wrong file.
code-05,code,Coding,CODING,it works. it works?? I didn't change anything. DO NOT TOUCH IT. we don't ask questions in this house.
code-06,code,Coding,CODING,clack clack— semicolon. clack clack— missing semicolon. clack— extra semicolon. me and the semicolons are at war.
code-07,code,Coding,CODING,just gonna refactor this real quick... four hours later... okay it does exactly what it did before but prettier.
code-08,code,Coding,CODING,hmmmm. hmmmmm. mmmmmm. ...aha. no. hm. ...OH. no. ...oh it's a typo. it's a typo. it was always a typo.
code-09,code,Coding,CODING,git commit -m 'fix'. git commit -m 'fix fix'. git commit -m 'actually fix'. git commit -m 'i give up'.
code-10,code,Coding,CODING,"type type type type DELETE ALL OF IT type type type. that's the process. that's coding, baby. we thriving."
code-11,code,Coding,CODING,npm install. npm install. why. npm install. one thousand four hundred packages for a button. we live in a society.
bayes-01,bayes,Bad math,BAYESIAN(?),"See, by Bayes' theorem, the prior times the posterior gives roughly a 70 percent chance it's Tuesday. I'm never wrong. I'm frequently wrong."
bayes-02,bayes,Bad math,BAYESIAN(?),"Statistically, if you flip a coin ten times and it's all heads, the eleventh is basically GUARANTEED tails. Law of averages. Do not fact-check me."
bayes-03,bayes,Bad math,BAYESIAN(?),"The p-value was 0.6, which means we're 60 percent sure the universe agrees with us. That's how p-values work. I have a background in confidence."
bayes-04,bayes,Bad math,BAYESIAN(?),"By my Bayesian estimate, updating on the coffee being cold, there's a 3-in-4 chance it's Monday emotionally, if not calendrically."
bayes-05,bayes,Bad math,BAYESIAN(?),"The expected value here is clearly the average of the two numbers times vibes, carry the intuition, divide by doubt. Textbook stuff."
bayes-06,bayes,Bad math,BAYESIAN(?),Correlation IS causation if you believe hard enough and the chart is going up. That's the first thing they teach you. Somewhere. Probably.
bayes-07,bayes,Bad math,BAYESIAN(?),"Standard deviation just measures how standard your deviations are. Mine are extremely standard. Six sigma of pure standardness, baby."
bayes-08,bayes,Bad math,BAYESIAN(?),"So the odds are 1 in a million, which — and this is math — rounds up to basically 50-50: either it happens or it doesn't. Boom. Bayesian."
bayes-09,bayes,Bad math,BAYESIAN(?),"I regressed the data onto my feelings and got an R-squared of, like, a lot. Very significant. Trust the model. The model is me."
bayes-10,bayes,Bad math,BAYESIAN(?),"Applying Bayes here: given the evidence, the probability updates to 110 percent. Yes it can go over 100. In THIS economy? Absolutely it can."
bayes-11,bayes,Bad math,BAYESIAN(?),Monte Carlo simulation says... hang on... it says I should've gone to Monte Carlo instead of learning this. n equals one but I feel it in my bones.
ai-01,ai,Anti-AI,RE: AI,"AI's gonna take all our jobs, they said. Then it confidently told me a tomato is a mammal. We're safe. For now. Barely."
ai-02,ai,Anti-AI,RE: AI,I asked an AI for a fun fact and it hallucinated an entire country. A whole country. Bold. Wrong. But bold.
ai-03,ai,Anti-AI,RE: AI,Everyone's terrified of superintelligence. I'm terrified my autocomplete thinks I want to text my boss 'love you.'
ai-04,ai,Anti-AI,RE: AI,An AI wrote me a poem about spreadsheets. It rhymed 'pivot' with 'pivot.' Twice. Chilling. Truly the future is here.
ai-05,ai,Anti-AI,RE: AI,They say AI will revolutionize everything. It can't reliably count the R's in a word. But sure. The singularity. Any day now.
ai-06,ai,Anti-AI,RE: AI,Love that AI can pass the bar exam but folds completely when you ask it to do basic arithmetic. Priorities of a true genius.
ai-07,ai,Anti-AI,RE: AI,"An AI confidently gave me directions into a lake. Not near a lake. INTO it. Full send. Zero hesitation. Respect, kind of."
ai-08,ai,Anti-AI,RE: AI,The robots aren't coming for us. Have you SEEN them try to draw a hand? Nine fingers. Every time. We're gonna be okay.
ai-09,ai,Anti-AI,RE: AI,"An AI gave me a recipe calling for two cups of broth and then '1 whole battery.' I did not make it. I was, however, tempted."
ai-10,ai,Anti-AI,RE: AI,"People fear AI bias. I fear the AI that told me, with total confidence, that Wednesday comes before Tuesday. Reorganized my whole week."
ai-11,ai,Anti-AI,RE: AI,"Sure the AI is smart, but can it panic productively at 4:59 on a Friday? No? Then it is not ready for this job. Sit down."
ai-12,ai,Anti-AI,RE: AI,"Self-aware moment: yeah, I'm basically a guy on a screen making stuff up. But at least I KNOW I'm making it up. That's growth."
legend-01,legend,The vibe,CERTIFIED LEGEND,"Business in the front, party in the back, spreadsheet in the middle. That is the mullet philosophy. Live it."
legend-02,legend,The vibe,CERTIFIED LEGEND,Tennis is my therapy. My therapist is a wall. The wall never interrupts and never bills me. Ten out of ten.
legend-03,legend,The vibe,CERTIFIED LEGEND,"Pocket aces AND a king. I call that a Tuesday. Better analytics, bigger wins, baby."
legend-04,legend,The vibe,CERTIFIED LEGEND,"I've settled Catan, laid track on Ticket to Ride, and optimized trade routes in Concordia. Board game hall of fame. No plaque yet. I've asked."
legend-05,legend,The vibe,CERTIFIED LEGEND,Yes I got the Chipotle bowl. Yes I paid for extra guac. I contain multitudes and also guacamole.
legend-06,legend,The vibe,CERTIFIED LEGEND,"The gold chain isn't flashy, it's a KPI. It says: this man has made bigger wins. Allegedly. Unaudited."
legend-07,legend,The vibe,CERTIFIED LEGEND,Threw a gorgeous disc golf line today. Tree said no. Tree always says no. Me and that tree have history.
legend-08,legend,The vibe,CERTIFIED LEGEND,"The checklist says tennis, poker, games, disc golf, good food, bad decisions. Five for five. The sixth one is a lifestyle."
legend-09,legend,The vibe,CERTIFIED LEGEND,Bad decisions still ahead? That's not a warning. That's a roadmap. I laminated it.
legend-10,legend,The vibe,CERTIFIED LEGEND,"This headband absorbs sweat AND doubt. Mostly doubt. There is, statistically, a lot of doubt."
legend-11,legend,The vibe,CERTIFIED LEGEND,I gave the camera a thumbs up with the confidence of a man holding pocket aces. Because I was. Details matter.
legend-12,legend,The vibe,CERTIFIED LEGEND,"They said dress for the job you want. So: pink shirt, blazer, mullet. The job I want is 'legend.' Interview went great."
legend-13,legend,The vibe,CERTIFIED LEGEND,"Better analytics, bigger wins. I wrote that on a notepad, then forgot to do any analytics. But the vibe? Immaculate."
legend-14,legend,The vibe,CERTIFIED LEGEND,I don't have a poker face. I have a poker mullet. It reveals nothing and intimidates everyone at the table.
legend-15,legend,The vibe,CERTIFIED LEGEND,My tumbler says Tennis Is My Therapy. My wallet says the therapy is somehow not covered by insurance.
legend-16,legend,The vibe,CERTIFIED LEGEND,Aces got cracked once. I stood up. I looked at the sunset. I ordered more guac. That's called resilience.
legend-17,legend,The vibe,CERTIFIED LEGEND,"Palm trees, poker chips, and a Chipotle bowl. If that's not a balanced portfolio, I don't want to be diversified."
legend-18,legend,The vibe,CERTIFIED LEGEND,Some men chase greatness. I simply woke up in a pastel blazer holding aces near a sunset. Greatness found ME.
pie-01,pie,Pie charts,PIE CHARTS SUCK,"Pie charts are just bar charts that gave up. If you've got more than two slices, you have a problem, and a bar chart could fix it."
pie-02,pie,Pie charts,PIE CHARTS SUCK,A pie chart with twelve slices isn't a visualization. It's a ransom note made of colors.
pie-03,pie,Pie charts,PIE CHARTS SUCK,"Nobody in history has looked at a 3D exploded pie chart and thought, ah yes, now I finally understand. Nobody. Not once."
pie-04,pie,Pie charts,PIE CHARTS SUCK,You know what's better than a pie chart? A bar chart. You know what's better than that? Literally just the number.
pie-05,pie,Pie charts,PIE CHARTS SUCK,Somebody put percentages ON the pie chart because even THEY knew you couldn't read the pie chart. Let that sink in.
pie-06,pie,Pie charts,PIE CHARTS SUCK,Two pie charts side by side to show change over time? My guy. That's a line chart wearing two disguises.
pie-07,pie,Pie charts,PIE CHARTS SUCK,"A pie chart is a data professional quietly admitting: I panicked, and Excel had a button."
pie-08,pie,Pie charts,PIE CHARTS SUCK,"If your pie chart needs a legend with fourteen colors, congratulations, you've invented a very slow spreadsheet."
pie-09,pie,Pie charts,PIE CHARTS SUCK,Donut charts are pie charts that heard the criticism and just removed the middle. Bold. Still wrong. Still hungry.
pie-10,pie,Pie charts,PIE CHARTS SUCK,"The only acceptable pie chart is a chart of actual pie. And even then, I'd rather just have the pie."
pie-11,pie,Pie charts,PIE CHARTS SUCK,"I have never once said, let me pull up that pie chart. Nobody has. It's a garnish, not a graph."
pie-12,pie,Pie charts,PIE CHARTS SUCK,Rule of thumb: the number of times a pie chart clarified anything is a slice too thin to actually see.
roast-01,roast,Roast,PEOPLE WE DON'T LIKE,Shout out to the guy who replies-all to a 400-person thread just to say thanks. A true visionary. Of chaos.
roast-02,roast,Roast,PEOPLE WE DON'T LIKE,Some people read 'do not reply to this email' as a personal challenge. Icons of not listening.
roast-03,roast,Roast,PEOPLE WE DON'T LIKE,"There is a special confidence in people who are loudly, aggressively wrong. Must be nice up there in the fog."
roast-04,roast,Roast,PEOPLE WE DON'T LIKE,"To whoever microwaves fish in the break room: we don't like you. It's not personal. Okay, it's slightly personal."
roast-05,roast,Roast,PEOPLE WE DON'T LIKE,"Some folks say 'per my last email' when they mean 'as I already said, before you ignored me, you absolute gremlin.'"
roast-06,roast,Roast,PEOPLE WE DON'T LIKE,The person who parks across two spots has told you everything you'll ever need to know about their whole personality.
roast-07,roast,Roast,PEOPLE WE DON'T LIKE,"Ah, the guy who says 'well, actually' and is then, tragically, not actually correct. My favorite genre of person."
roast-08,roast,Roast,PEOPLE WE DON'T LIKE,Some people hear 'this meeting could've been an email' and schedule a meeting to discuss it. We do not like these people.
roast-09,roast,Roast,PEOPLE WE DON'T LIKE,Standing ovation for whoever stops dead at the top of the escalator to reconsider their entire life. Perfect spot. No notes.
roast-10,roast,Roast,PEOPLE WE DON'T LIKE,Certain individuals merge onto the highway at 12 miles an hour and then act shocked. We know who you are. We see you.
roast-11,roast,Roast,PEOPLE WE DON'T LIKE,"The confidence of someone explaining your own job back to you, incorrectly, is a natural wonder. Rude. But a wonder."
roast-12,roast,Roast,PEOPLE WE DON'T LIKE,"To the person who calls it 'just common sense' about the one thing they happen to know: sit down, champ."
roast-13,roast,Roast,PEOPLE WE DON'T LIKE,Some people skip the turn signal because their next move is a surprise. A gift. For everyone. That nobody asked for.
roast-14,roast,Roast,PEOPLE WE DON'T LIKE,There's always one guy who takes the last coffee and doesn't start a new pot. History will not be kind to Greg.
roast-15,roast,Roast,PEOPLE WE DON'T LIKE,"The 'I'm not like other people' crowd is, statistically, exactly like other people. The math simply is not on their side."
random-22,random,Aaron thoughts,AARON.EXE,"Unrelated to anything: Natalie Portman is stunning, has a Harvard degree, and speaks several languages. Some people just get every stat maxed out. Deeply unfair."
random-23,random,Aaron thoughts,AARON.EXE,"Reminder that Natalie Portman exists and is, objectively, extremely beautiful. That's the whole thought. Okay. Back to spreadsheets."
bayes-12,bayes,Bad math,BAYESIAN(?),"Someone asked what one-third is as a decimal. Easy. It's 0.3. Just the one 3. Why would there be more? ...oh no. There's more, isn't there."
bayes-13,bayes,Bad math,BAYESIAN(?),"One-third as a decimal is 0.33333 forever, which is math's polite way of telling you to just write 1/3 and go outside."
